{
    "colour": {
        "extrinsic": {
            "rotation": [
                0.9999972581863403, 
                0.0009558704332448542, 
                -0.002143904799595475, 
                -0.000969588989391923, 
                0.9999790191650391, 
                -0.0064070504158735275, 
                0.0021377354860305786, 
                0.006409111898392439, 
                0.999977171421051
            ], 
            "translation": [
                0.015112067572772503, 
                -0.00015223104855977, 
                -0.00023124874860513955
            ]
        }, 
        "intrinsic": {
            "D": [
                0.0, 
                0.0, 
                0.0, 
                0.0, 
                0.0
            ], 
            "K": [
                1386.07568359375, 
                0.0, 
                947.8286743164062, 
                0.0, 
                1384.6522216796875, 
                554.0635375976562, 
                0.0, 
                0.0, 
                1.0
            ], 
            "P": [
                1386.07568359375, 
                0.0, 
                947.8286743164062, 
                0.0, 
                0.0, 
                1384.6522216796875, 
                554.0635375976562, 
                0.0, 
                0.0, 
                0.0, 
                1.0, 
                0.0
            ], 
            "R": [
                1.0, 
                0.0, 
                0.0, 
                0.0, 
                1.0, 
                0.0, 
                0.0, 
                0.0, 
                1.0
            ]
        }
    }, 
    "depth": {
        "intrinsic": {
            "D": [
                0.0, 
                0.0, 
                0.0, 
                0.0, 
                0.0
            ], 
            "K": [
                937.713623046875, 
                0.0, 
                623.7540283203125, 
                0.0, 
                937.713623046875, 
                355.2291259765625, 
                0.0, 
                0.0, 
                1.0
            ], 
            "P": [
                937.713623046875, 
                0.0, 
                623.7540283203125, 
                0.0, 
                0.0, 
                937.713623046875, 
                355.2291259765625, 
                0.0, 
                0.0, 
                0.0, 
                1.0, 
                0.0
            ], 
            "R": [
                1.0, 
                0.0, 
                0.0, 
                0.0, 
                1.0, 
                0.0, 
                0.0, 
                0.0, 
                1.0
            ]
        }
    }, 
    "depth_aligned": {
        "intrinsic": {
            "D": [
                0.0, 
                0.0, 
                0.0, 
                0.0, 
                0.0
            ], 
            "K": [
                1386.07568359375, 
                0.0, 
                947.8286743164062, 
                0.0, 
                1384.6522216796875, 
                554.0635375976562, 
                0.0, 
                0.0, 
                1.0
            ], 
            "P": [
                1386.07568359375, 
                0.0, 
                947.8286743164062, 
                0.0, 
                0.0, 
                1384.6522216796875, 
                554.0635375976562, 
                0.0, 
                0.0, 
                0.0, 
                1.0, 
                0.0
            ], 
            "R": [
                1.0, 
                0.0, 
                0.0, 
                0.0, 
                1.0, 
                0.0, 
                0.0, 
                0.0, 
                1.0
            ]
        }
    }, 
    "infra1": {
        "extrinsic": {
            "rotation": [
                1.0, 
                0.0, 
                0.0, 
                0.0, 
                1.0, 
                0.0, 
                0.0, 
                0.0, 
                1.0
            ], 
            "translation": [
                0.0, 
                0.0, 
                0.0
            ]
        }, 
        "intrinsic": {
            "D": [
                0.0, 
                0.0, 
                0.0, 
                0.0, 
                0.0
            ], 
            "K": [
                937.713623046875, 
                0.0, 
                623.7540283203125, 
                0.0, 
                937.713623046875, 
                355.2291259765625, 
                0.0, 
                0.0, 
                1.0
            ], 
            "P": [
                937.713623046875, 
                0.0, 
                623.7540283203125, 
                0.0, 
                0.0, 
                937.713623046875, 
                355.2291259765625, 
                0.0, 
                0.0, 
                0.0, 
                1.0, 
                0.0
            ], 
            "R": [
                1.0, 
                0.0, 
                0.0, 
                0.0, 
                1.0, 
                0.0, 
                0.0, 
                0.0, 
                1.0
            ]
        }
    }, 
    "infra2": {
        "extrinsic": {
            "rotation": [
                1.0, 
                0.0, 
                0.0, 
                0.0, 
                1.0, 
                0.0, 
                0.0, 
                0.0, 
                1.0
            ], 
            "translation": [
                -0.05497787147760391, 
                0.0, 
                0.0
            ]
        }, 
        "intrinsic": {
            "D": [
                0.0, 
                0.0, 
                0.0, 
                0.0, 
                0.0
            ], 
            "K": [
                937.713623046875, 
                0.0, 
                623.7540283203125, 
                0.0, 
                937.713623046875, 
                355.2291259765625, 
                0.0, 
                0.0, 
                1.0
            ], 
            "P": [
                937.713623046875, 
                0.0, 
                623.7540283203125, 
                0.0, 
                0.0, 
                937.713623046875, 
                355.2291259765625, 
                0.0, 
                0.0, 
                0.0, 
                1.0, 
                0.0
            ], 
            "R": [
                1.0, 
                0.0, 
                0.0, 
                0.0, 
                1.0, 
                0.0, 
                0.0, 
                0.0, 
                1.0
            ]
        }
    }, 
    "save_time": 1553873186.751755
}