{
    "colour": {
        "extrinsic": {
            "rotation": [
                0.9999970197677612, 
                -0.002436958020552993, 
                0.0002976394025608897, 
                0.002437509363517165, 
                0.9999952912330627, 
                -0.0018670212011784315, 
                -0.00029308811645023525, 
                0.0018677409971132874, 
                0.9999982118606567
            ], 
            "translation": [
                0.015047753229737282, 
                -0.00010687355825211853, 
                -0.00027949752984568477
            ]
        }, 
        "intrinsic": {
            "D": [
                0.0, 
                0.0, 
                0.0, 
                0.0, 
                0.0
            ], 
            "K": [
                1394.7274169921875, 
                0.0, 
                966.053955078125, 
                0.0, 
                1393.1485595703125, 
                565.9411010742188, 
                0.0, 
                0.0, 
                1.0
            ], 
            "P": [
                1394.7274169921875, 
                0.0, 
                966.053955078125, 
                0.0, 
                0.0, 
                1393.1485595703125, 
                565.9411010742188, 
                0.0, 
                0.0, 
                0.0, 
                1.0, 
                0.0
            ], 
            "R": [
                1.0, 
                0.0, 
                0.0, 
                0.0, 
                1.0, 
                0.0, 
                0.0, 
                0.0, 
                1.0
            ]
        }
    }, 
    "depth": {
        "intrinsic": {
            "D": [
                0.0, 
                0.0, 
                0.0, 
                0.0, 
                0.0
            ], 
            "K": [
                950.854248046875, 
                0.0, 
                635.340087890625, 
                0.0, 
                950.854248046875, 
                346.2882080078125, 
                0.0, 
                0.0, 
                1.0
            ], 
            "P": [
                950.854248046875, 
                0.0, 
                635.340087890625, 
                0.0, 
                0.0, 
                950.854248046875, 
                346.2882080078125, 
                0.0, 
                0.0, 
                0.0, 
                1.0, 
                0.0
            ], 
            "R": [
                1.0, 
                0.0, 
                0.0, 
                0.0, 
                1.0, 
                0.0, 
                0.0, 
                0.0, 
                1.0
            ]
        }
    }, 
    "infra1": {
        "extrinsic": {
            "rotation": [
                1.0, 
                0.0, 
                0.0, 
                0.0, 
                1.0, 
                0.0, 
                0.0, 
                0.0, 
                1.0
            ], 
            "translation": [
                0.0, 
                0.0, 
                0.0
            ]
        }, 
        "intrinsic": {
            "D": [
                0.0, 
                0.0, 
                0.0, 
                0.0, 
                0.0
            ], 
            "K": [
                950.854248046875, 
                0.0, 
                635.340087890625, 
                0.0, 
                950.854248046875, 
                346.2882080078125, 
                0.0, 
                0.0, 
                1.0
            ], 
            "P": [
                950.854248046875, 
                0.0, 
                635.340087890625, 
                0.0, 
                0.0, 
                950.854248046875, 
                346.2882080078125, 
                0.0, 
                0.0, 
                0.0, 
                1.0, 
                0.0
            ], 
            "R": [
                1.0, 
                0.0, 
                0.0, 
                0.0, 
                1.0, 
                0.0, 
                0.0, 
                0.0, 
                1.0
            ]
        }
    }, 
    "infra2": {
        "extrinsic": {
            "rotation": [
                1.0, 
                0.0, 
                0.0, 
                0.0, 
                1.0, 
                0.0, 
                0.0, 
                0.0, 
                1.0
            ], 
            "translation": [
                -0.05499090254306793, 
                0.0, 
                0.0
            ]
        }, 
        "intrinsic": {
            "D": [
                0.0, 
                0.0, 
                0.0, 
                0.0, 
                0.0
            ], 
            "K": [
                950.854248046875, 
                0.0, 
                635.340087890625, 
                0.0, 
                950.854248046875, 
                346.2882080078125, 
                0.0, 
                0.0, 
                1.0
            ], 
            "P": [
                950.854248046875, 
                0.0, 
                635.340087890625, 
                0.0, 
                0.0, 
                950.854248046875, 
                346.2882080078125, 
                0.0, 
                0.0, 
                0.0, 
                1.0, 
                0.0
            ], 
            "R": [
                1.0, 
                0.0, 
                0.0, 
                0.0, 
                1.0, 
                0.0, 
                0.0, 
                0.0, 
                1.0
            ]
        }
    }
}